{
    "ATX_-1_-1_sat.png": {
        "min_x_bound": -97.7227348917076,
        "min_y_bound": 30.25819048979611,
        "max_x_bound": -97.7172417276451,
        "max_y_bound": 30.262935169695613,
        "center_x": -97.71998830967635,
        "center_y": 30.26056282974586,
        "path": "./ATX/ATX_-1_-1_sat.png"
    },
    "ATX_-1_-2_sat.png": {
        "min_x_bound": -97.7227348917076,
        "min_y_bound": 30.262935169696046,
        "max_x_bound": -97.7172417276451,
        "max_y_bound": 30.26767962035039,
        "center_x": -97.71998830967635,
        "center_y": 30.265307395023218,
        "path": "./ATX/ATX_-1_-2_sat.png"
    },
    "ATX_-1_0_sat.png": {
        "min_x_bound": -97.7227348917076,
        "min_y_bound": 30.253445580672498,
        "max_x_bound": -97.7172417276451,
        "max_y_bound": 30.2581904897957,
        "center_x": -97.71998830967635,
        "center_y": 30.2558180352341,
        "path": "./ATX/ATX_-1_0_sat.png"
    },
    "ATX_-1_1_sat.png": {
        "min_x_bound": -97.7227348917076,
        "min_y_bound": 30.24870044234663,
        "max_x_bound": -97.7172417276451,
        "max_y_bound": 30.25344558067208,
        "center_x": -97.71998830967635,
        "center_y": 30.251073011509355,
        "path": "./ATX/ATX_-1_1_sat.png"
    },
    "ATX_-2_-1_sat.png": {
        "min_x_bound": -97.72822805577012,
        "min_y_bound": 30.25819048979611,
        "max_x_bound": -97.72273489170759,
        "max_y_bound": 30.262935169695613,
        "center_x": -97.72548147373885,
        "center_y": 30.26056282974586,
        "path": "./ATX/ATX_-2_-1_sat.png"
    },
    "ATX_-2_-2_sat.png": {
        "min_x_bound": -97.72822805577012,
        "min_y_bound": 30.262935169696046,
        "max_x_bound": -97.72273489170759,
        "max_y_bound": 30.26767962035039,
        "center_x": -97.72548147373885,
        "center_y": 30.265307395023218,
        "path": "./ATX/ATX_-2_-2_sat.png"
    },
    "ATX_-2_0_sat.png": {
        "min_x_bound": -97.72822805577012,
        "min_y_bound": 30.253445580672498,
        "max_x_bound": -97.72273489170759,
        "max_y_bound": 30.2581904897957,
        "center_x": -97.72548147373885,
        "center_y": 30.2558180352341,
        "path": "./ATX/ATX_-2_0_sat.png"
    },
    "ATX_-2_1_sat.png": {
        "min_x_bound": -97.72822805577012,
        "min_y_bound": 30.24870044234663,
        "max_x_bound": -97.72273489170759,
        "max_y_bound": 30.25344558067208,
        "center_x": -97.72548147373885,
        "center_y": 30.251073011509355,
        "path": "./ATX/ATX_-2_1_sat.png"
    },
    "ATX_-3_-1_sat.png": {
        "min_x_bound": -97.73372121983262,
        "min_y_bound": 30.25819048979611,
        "max_x_bound": -97.72822805577012,
        "max_y_bound": 30.262935169695613,
        "center_x": -97.73097463780137,
        "center_y": 30.26056282974586,
        "path": "./ATX/ATX_-3_-1_sat.png"
    },
    "ATX_-3_-2_sat.png": {
        "min_x_bound": -97.73372121983262,
        "min_y_bound": 30.262935169696046,
        "max_x_bound": -97.72822805577012,
        "max_y_bound": 30.26767962035039,
        "center_x": -97.73097463780137,
        "center_y": 30.265307395023218,
        "path": "./ATX/ATX_-3_-2_sat.png"
    },
    "ATX_-3_0_sat.png": {
        "min_x_bound": -97.73372121983262,
        "min_y_bound": 30.253445580672498,
        "max_x_bound": -97.72822805577012,
        "max_y_bound": 30.2581904897957,
        "center_x": -97.73097463780137,
        "center_y": 30.2558180352341,
        "path": "./ATX/ATX_-3_0_sat.png"
    },
    "ATX_-3_1_sat.png": {
        "min_x_bound": -97.73372121983262,
        "min_y_bound": 30.24870044234663,
        "max_x_bound": -97.72822805577012,
        "max_y_bound": 30.25344558067208,
        "center_x": -97.73097463780137,
        "center_y": 30.251073011509355,
        "path": "./ATX/ATX_-3_1_sat.png"
    },
    "ATX_-4_-1_sat.png": {
        "min_x_bound": -97.73921438389509,
        "min_y_bound": 30.25819048979611,
        "max_x_bound": -97.73372121983262,
        "max_y_bound": 30.262935169695613,
        "center_x": -97.73646780186385,
        "center_y": 30.26056282974586,
        "path": "./ATX/ATX_-4_-1_sat.png"
    },
    "ATX_-4_-2_sat.png": {
        "min_x_bound": -97.73921438389509,
        "min_y_bound": 30.262935169696046,
        "max_x_bound": -97.73372121983262,
        "max_y_bound": 30.26767962035039,
        "center_x": -97.73646780186385,
        "center_y": 30.265307395023218,
        "path": "./ATX/ATX_-4_-2_sat.png"
    },
    "ATX_-4_0_sat.png": {
        "min_x_bound": -97.73921438389509,
        "min_y_bound": 30.253445580672498,
        "max_x_bound": -97.73372121983262,
        "max_y_bound": 30.2581904897957,
        "center_x": -97.73646780186385,
        "center_y": 30.2558180352341,
        "path": "./ATX/ATX_-4_0_sat.png"
    },
    "ATX_-4_1_sat.png": {
        "min_x_bound": -97.73921438389509,
        "min_y_bound": 30.24870044234663,
        "max_x_bound": -97.73372121983262,
        "max_y_bound": 30.25344558067208,
        "center_x": -97.73646780186385,
        "center_y": 30.251073011509355,
        "path": "./ATX/ATX_-4_1_sat.png"
    },
    "ATX_0_-1_sat.png": {
        "min_x_bound": -97.71724172764509,
        "min_y_bound": 30.25819048979611,
        "max_x_bound": -97.71174856358262,
        "max_y_bound": 30.262935169695613,
        "center_x": -97.71449514561385,
        "center_y": 30.26056282974586,
        "path": "./ATX/ATX_0_-1_sat.png"
    },
    "ATX_0_-2_sat.png": {
        "min_x_bound": -97.71724172764509,
        "min_y_bound": 30.262935169696046,
        "max_x_bound": -97.71174856358262,
        "max_y_bound": 30.26767962035039,
        "center_x": -97.71449514561385,
        "center_y": 30.265307395023218,
        "path": "./ATX/ATX_0_-2_sat.png"
    },
    "ATX_0_0_sat.png": {
        "min_x_bound": -97.71724172764509,
        "min_y_bound": 30.253445580672498,
        "max_x_bound": -97.71174856358262,
        "max_y_bound": 30.2581904897957,
        "center_x": -97.71449514561385,
        "center_y": 30.2558180352341,
        "path": "./ATX/ATX_0_0_sat.png"
    },
    "ATX_0_1_sat.png": {
        "min_x_bound": -97.71724172764509,
        "min_y_bound": 30.24870044234663,
        "max_x_bound": -97.71174856358262,
        "max_y_bound": 30.25344558067208,
        "center_x": -97.71449514561385,
        "center_y": 30.251073011509355,
        "path": "./ATX/ATX_0_1_sat.png"
    },
    "ATX_1_-1_sat.png": {
        "min_x_bound": -97.71174856358262,
        "min_y_bound": 30.25819048979611,
        "max_x_bound": -97.70625539952012,
        "max_y_bound": 30.262935169695613,
        "center_x": -97.70900198155137,
        "center_y": 30.26056282974586,
        "path": "./ATX/ATX_1_-1_sat.png"
    },
    "ATX_1_-2_sat.png": {
        "min_x_bound": -97.71174856358262,
        "min_y_bound": 30.262935169696046,
        "max_x_bound": -97.70625539952012,
        "max_y_bound": 30.26767962035039,
        "center_x": -97.70900198155137,
        "center_y": 30.265307395023218,
        "path": "./ATX/ATX_1_-2_sat.png"
    },
    "ATX_1_0_sat.png": {
        "min_x_bound": -97.71174856358262,
        "min_y_bound": 30.253445580672498,
        "max_x_bound": -97.70625539952012,
        "max_y_bound": 30.2581904897957,
        "center_x": -97.70900198155137,
        "center_y": 30.2558180352341,
        "path": "./ATX/ATX_1_0_sat.png"
    },
    "ATX_1_1_sat.png": {
        "min_x_bound": -97.71174856358262,
        "min_y_bound": 30.24870044234663,
        "max_x_bound": -97.70625539952012,
        "max_y_bound": 30.25344558067208,
        "center_x": -97.70900198155137,
        "center_y": 30.251073011509355,
        "path": "./ATX/ATX_1_1_sat.png"
    },
    "ATX_2_-1_sat.png": {
        "min_x_bound": -97.7062553995201,
        "min_y_bound": 30.25819048979611,
        "max_x_bound": -97.7007622354576,
        "max_y_bound": 30.262935169695613,